player_name,auction_price,player_type,overseas,star_player,BPF,CBR,t20i_Bat_Ave,t20i_Bat_SR,t20i_Runs,t20i_Wkts,t20i_Econ,t20i_Bow_Ave,t20i_Bow_SR,ipl_Bat_Ave,ipl_Bat_SR,ipl_Runs,ipl_Wkts,ipl_Econ,ipl_Bow_Ave,ipl_Bow_SR
Rohit Sharma,16.0,Batter,No,Yes,0.5788010086196745,100.0,0.5353265408384833,0.56356,1.0,0.006578947368421,0.4985,1.0,1.0,0.6111453835081224,0.6052801624665374,0.8280859570214892,0.073170731707317,0.2224999999999999,0.2377952755905511,0.2511111111111111
Ishan Kishan,15.25,Wicket-Keeper,No,Yes,0.5337585691982211,100.0,0.4287623183564389,0.49748,0.1881351926258568,0.0,0.0,0.0,0.0,0.5846185482212625,0.627065448167636,0.3303348325837081,0.0,0.0,0.0,0.0
Hardik Pandya,15.0,All-Rounder,No,Yes,0.5745973300771414,0.091923437637772,0.4645064305996325,0.58036,0.387851571732451,0.5723684210526315,0.4085,0.2301769911504425,0.2794117647058823,0.5899650421550483,0.6720668328256254,0.3154672663668166,0.3121951219512195,0.2525,0.264488188976378,0.2455555555555555
Jasprit Bumrah,12.0,Bowler,No,Yes,0.0,0.0701156311749813,0.0444295974611658,0.22856,0.0018908059560387,0.5855263157894737,0.3135,0.1569911504424778,0.2485294117647058,0.1996709849886901,0.4023354564755839,0.008495752123938,0.8048780487804879,0.2027777777777777,0.1772440944881889,0.2055555555555555
Tim David,8.25,Batter,Yes,Yes,0.6463425108559119,100.0,0.5727409387005178,0.65228,0.2755849680926495,0.0328947368421052,0.466,0.4513274336283185,0.4823529411764705,0.5891425046267735,0.7859318748269177,0.0823338330834582,0.0,0.0,0.0,0.0
Suryakumar Yadav,8.0,Batter,No,Yes,0.6791141201971048,100.0,0.7082011023885084,0.67792,0.6012762940203262,0.0131578947368421,0.25,0.0221238938053097,0.0441176470588235,0.6596750976763314,0.6707283301024647,0.4490254872563718,0.0,0.2222222222222222,0.0,0.0
Gerald Coetzee,5.0,All-Rounder,Yes,No,0.1575403351679038,0.0820515974696069,0.0835142809420411,0.3448,0.0059087686126211,0.0526315789473684,0.509,0.2289380530973451,0.2235294117647058,0.0719720337240386,0.2936859595679867,0.0017491254372813,0.0634146341463414,0.2825,0.2065354330708661,0.1711111111111111
Nuwan Thushara,4.8,Bowler,Yes,No,0.0,0.0755228356260347,0.0668114247536328,0.22856,0.0018908059560387,0.131578947368421,0.4135,0.1384955752212389,0.1661764705882353,0.0,0.0,0.0,0.0390243902439024,0.2744444444444444,0.2529133858267716,0.2166666666666666
Dilshan Madushanka,4.6,Bowler,Yes,No,0.0,0.1102847485626718,0.0083514280942041,0.11428,0.0004727014890096,0.0986842105263157,0.4875,0.2819469026548672,0.2882352941176471,0.0,0.0,0.0,0.0,0.0,0.0,0.0
Dewald Brevis,3.0,All-Rounder,Yes,No,0.3408522103734006,0.0207792207792207,0.0417571404710205,0.28568,0.0011817537225242,0.0,0.0,0.0,0.0,0.4729590787579683,0.6171882211760362,0.028735632183908,0.0048780487804878,0.4444444444444444,0.0629921259842519,0.0333333333333333
Tilak Varma,1.7,Batter,No,No,0.6524178316638136,100.0,0.5612159679305162,0.55764,0.0794138501536279,0.0131578947368421,0.26,0.1150442477876106,0.2205882352941176,0.8196586469257658,0.6753438567340533,0.1444277861069465,0.0,0.2119444444444444,0.0,0.0
Mohammad Nabi,1.5,All-Rounder,Yes,Yes,0.4423180683512646,0.0959340878625216,0.3726407215633873,0.54464,0.5116993618529898,0.631578947368421,0.3665,0.2492035398230088,0.3382352941176471,0.2761669751182397,0.6615434321056033,0.0268615692153923,0.073170731707317,0.2063888888888888,0.2713385826771654,0.3088888888888889
Jason Behrendorff,0.75,Bowler,Yes,No,0.0,0.0854251050781965,0.1169199933188575,0.3110799999999999,0.0016544552115339,0.1184210526315789,0.4175,0.217787610619469,0.2588235294117647,0.0,0.3076710052617003,0.0007496251874062,0.0926829268292682,0.251111111111111,0.2287401574803149,0.2133333333333333
Piyush Chawla,0.5,Bowler,No,Yes,0.0,0.0993710657035079,0.0,0.0,0.0,0.0263157894736842,0.328,0.334070796460177,0.5073529411764706,0.2290767016245116,0.5115388165789716,0.0779610194902548,0.9365853658536584,0.2211111111111111,0.2094488188976378,0.2222222222222222
Romario Shepherd,0.5,All-Rounder,Yes,Yes,0.5686283567367018,0.1179637170691008,0.4397862034407883,0.57452,0.0933585440794138,0.3289473684210526,0.4885,0.2382300884955752,0.2426470588235294,0.4729590787579683,0.8424720760638789,0.014367816091954,0.0195121951219512,0.3397222222222222,0.5059055118110236,0.35
Arjun Tendulkar,0.3,Bowler,No,No,0.0,0.0918108165779855,0.0,0.0,0.0,0.0,0.0,0.0,0.0,0.2673246966892864,0.6666666666666666,0.0016241879060469,0.0146341463414634,0.2599999999999999,0.2992125984251969,0.27
Shams Mulani,0.2,All-Rounder,No,No,0.0,100.0,0.0,0.0,0.0,0.0,0.0,0.0,0.0,0.0,0.4615526631588664,0.0001249375312343,0.0,0.3166666666666666,0.0,0.0
Akash Madhwal,0.2,Bowler,No,No,0.0,0.0626048716142035,0.0,0.0,0.0,0.0,0.0,0.0,0.0,0.0,0.3692421305270931,0.0004997501249375,0.0926829268292682,0.2694444444444444,0.1756692913385826,0.1522222222222222
Kumar Kartikeya,0.2,Bowler,No,No,0.0,0.0834947645433981,0.0,0.0,0.0,0.0,0.0,0.0,0.0,0.0925354719309068,0.3461644973691498,0.0011244377811094,0.048780487804878,0.2341666666666666,0.2590551181102362,0.26
Vishnu Vinod,0.2,Wicket-Keeper,No,No,0.2949466681738174,100.0,0.0,0.0,0.0,0.0,0.0,0.0,0.0,0.1918568784700801,0.4534293362872703,0.0069965017491254,0.0,0.0,0.0,0.0
Shivalik Sharma,0.2,All-Rounder,No,No,0.0,100.0,0.0,0.0,0.0,0.0,0.0,0.0,0.0,0.0,0.0,0.0,0.0,0.0,0.0,0.0
Naman Dhir,0.2,All-Rounder,No,No,0.6264118690452363,100.0,0.0,0.0,0.0,0.0,0.0,0.0,0.0,0.4797450133662347,0.8179174743838272,0.0174912543728135,0.0,0.3272222222222222,0.0,0.0
Nehal Wadhera,0.2,All-Rounder,No,No,0.5567752005782228,100.0,0.0,0.0,0.0,0.0,0.0,0.0,0.0,0.4797450133662347,0.6461737284224129,0.0437281359320339,0.0,0.1805555555555555,0.0,0.0
Anshul Kamboj,0.2,All-Rounder,No,No,0.0,0.1192468619246861,0.0,0.0,0.0,0.0,0.0,0.0,0.0,0.0,0.4615526631588664,0.0002498750624687,0.0097560975609756,0.3166666666666666,0.4488188976377952,0.3333333333333333
Shreyas Gopal,0.2,Bowler,No,No,0.0,0.0712021462739762,0.0,0.0,0.0,0.0,0.0,0.0,0.0,0.2642401809582562,0.4915535862641927,0.0224887556221889,0.2536585365853658,0.2266666666666666,0.204251968503937,0.2111111111111111
Rishabh Pant,16.0,Wicket-Keeper,No,Yes,0.5773529202850586,100.0,0.3883414063804911,0.50904,0.2857480501063578,0.0,0.0,0.0,0.0,0.7260950030845157,0.6873903812424997,0.4102948525737131,0.0,0.0,0.0,0.0
Axar Patel,12.0,All-Rounder,No,Yes,0.4791177277204897,0.0860133899811614,0.3362284950726574,0.57692,0.1094303947057433,0.4078947368421052,0.369,0.2036283185840708,0.2735294117647059,0.4412913839193912,0.6040339702760085,0.2065217391304347,0.6,0.2019444444444444,0.2405511811023622,0.2788888888888889
Prithvi Shaw,8.0,Batter,No,No,0.5788388654697646,100.0,0.0,0.0,0.0,0.0,0.0,0.0,0.0,0.4922887106724244,0.6806055570940645,0.2363818090954522,0.0,0.0,0.0,0.0
Kumar Kushagra,7.2,Wicket-Keeper,No,No,0.0637725684975403,100.0,0.0,0.0,0.0,0.0,0.0,0.0,0.0,0.0205634382068681,0.1977753161635742,0.0003748125937031,0.0,0.0,0.0,0.0
Mitchell Marsh,6.5,All-Rounder,Yes,Yes,0.5142453864962048,0.0752226190264731,0.5334892266577586,0.54164,0.3850153627983928,0.1118421052631578,0.387,0.2014159292035398,0.2588235294117647,0.402015216944273,0.5890796639896612,0.0830834582708645,0.1804878048780487,0.2363888888888888,0.1691338582677165,0.1677777777777777
Anrich Nortje,6.5,Bowler,Yes,Yes,0.0,0.0754075851848351,0.0472690830131952,0.19428,0.0040179626565823,0.3486842105263157,0.3505,0.1695575221238938,0.2397058823529411,0.1677976557680444,0.4615526631588664,0.0061219390304847,0.2926829268292683,0.2488888888888889,0.2065354330708661,0.1944444444444444
David Warner,6.25,Batter,Yes,Yes,0.6501522108788407,100.0,0.5583764823784867,0.56988,0.7745213897423777,0.0,0.0,0.0,0.0,0.8332305161422989,0.6451121572971477,0.8202148925537232,0.0,0.3333333333333333,0.0,0.0
Mukesh Kumar,5.5,Bowler,No,No,0.0,0.0837029500958145,0.0835142809420411,0.4,0.0011817537225242,0.131578947368421,0.4505,0.2154867256637168,0.238235294117647,0.2056343820686818,0.2563925043847503,0.0012493753123438,0.1170731707317073,0.2897222222222222,0.2276377952755905,0.1844444444444444
Khaleel Ahmed,5.25,Bowler,No,Yes,0.0,0.0952101488872112,0.0,0.2,0.0002363507445048,0.1052631578947368,0.4255,0.3107964601769911,0.363235294117647,0.0041126876413736,0.0659097202990861,0.0001249375312343,0.3609756097560975,0.2455555555555555,0.2000787401574803,0.1911111111111111
Jhye Richardson,5.0,Bowler,Yes,No,0.0,0.1121042440416685,0.2505428428261232,0.35292,0.010635783502718,0.125,0.421,0.2589380530973451,0.3058823529411765,0.1163890602508739,0.3017631311732668,0.0021239380309845,0.0146341463414634,0.2905555555555555,0.4120472440944882,0.3333333333333333
Harry Brook,4.0,Batter,Yes,No,0.5227288553458173,100.0,0.5132787706697846,0.58428,0.1670999763649255,0.0,0.0,0.0,0.0,0.4340941805469874,0.5694175205390936,0.0237381309345327,0.0,0.0,0.0,0.0
Kuldeep Yadav,2.0,Bowler,No,Yes,0.0,0.0696976183072468,0.1920828461666945,0.31184,0.0108721342472228,0.4539473684210526,0.3385,0.1245132743362831,0.1823529411764705,0.3135924326547398,0.3910274162281916,0.022863568215892,0.424390243902439,0.2277777777777777,0.2160629921259842,0.2222222222222222
Sumit Kumar,1.0,All-Rounder,No,No,0.2531106284997903,100.0,0.0,0.0,0.0,0.0,0.0,0.0,0.0,0.1850709438618136,0.3461644973691498,0.0022488755622188,0.0,0.3166666666666666,0.0,0.0
Shai Hope,0.75,Wicket-Keeper,Yes,No,0.5266776251682873,100.0,0.4314347753465842,0.53816,0.183171826991255,0.0,0.0,0.0,0.0,0.4702858317910754,0.6923289947382997,0.022863568215892,0.0,0.0,0.0,0.0
Lalit Yadav,0.65,All-Rounder,No,No,0.4361801333426434,0.0982218707692006,0.0,0.0,0.0,0.0,0.0,0.0,0.0,0.3919391322229076,0.4854149358441798,0.0381059470264867,0.048780487804878,0.2458333333333333,0.3346456692913386,0.32
Ishant Sharma,0.5,Bowler,No,Yes,0.0,0.1195044429027565,0.1336228495072657,0.35552,0.0018908059560387,0.0526315789473684,0.4315,0.4424778761061947,0.5102941176470589,0.1953526629652477,0.3812424997692236,0.0071214392803598,0.448780487804878,0.2288888888888889,0.2714173228346456,0.2777777777777778
Lungi Ngidi,0.5,Bowler,Yes,Yes,0.0,0.0673617043357472,0.1369634207449473,0.31536,0.0096903805246986,0.4144736842105262,0.4615,0.1852212389380531,0.1999999999999999,0.0,0.0,0.0,0.1219512195121951,0.2302777777777777,0.1411023622047244,0.1433333333333333
Pravin Dubey,0.5,Bowler,No,No,0.0,0.1406010149166731,0.0,0.0,0.0,0.0,0.0,0.0,0.0,0.4729590787579683,0.321656050955414,0.0028735632183908,0.0048780487804878,0.2297222222222222,0.7165354330708661,0.7333333333333334
Yash Dhull,0.5,Batter,No,No,0.18758663243334,100.0,0.0,0.0,0.0,0.0,0.0,0.0,0.0,0.1096031256426074,0.3210560324933075,0.0019990004997501,0.0,0.0,0.0,0.0
Tristan Stubbs,0.5,Wicket-Keeper,Yes,No,0.643113986916676,0.0292551795721058,0.4651745448471689,0.5514800000000001,0.1316473646891987,0.0,1.0,0.0,0.0,0.7569401603948179,0.8022246838364258,0.050599700149925,0.0195121951219512,0.2013888888888888,0.0570866141732283,0.0666666666666666
Rasikh Dar,0.2,Bowler,No,No,0.0,0.0909874482980411,0.0,0.0,0.0,0.0,0.0,0.0,0.0,0.1645075056549454,0.4615526631588664,0.0049975012493753,0.0439024390243902,0.2897222222222222,0.2965354330708661,0.24
Abishek Porel,0.2,Wicket-Keeper,No,No,0.610100534060248,100.0,0.0,0.0,0.0,0.0,0.0,0.0,0.0,0.528685996298581,0.7040524323825348,0.0449775112443778,0.0,0.0,0.0,0.0
Vicky Ostwal,0.2,Bowler,No,No,0.0,100.0,0.0,0.0,0.0,0.0,0.0,0.0,0.0,0.0,0.0,0.0,0.0,0.0,0.0,0.0
Ricky Bhui,0.2,Wicket-Keeper,No,No,0.0955285399546209,100.0,0.0,0.0,0.0,0.0,0.0,0.0,0.0,0.0514085955171704,0.1775131542509,0.0012493753123438,0.0,0.0,0.0,0.0
Swastik Chikara,0.2,Batter,No,No,0.0,100.0,0.0,0.0,0.0,0.0,0.0,0.0,0.0,0.0,0.0,0.0,0.0,0.0,0.0,0.0
Cameron Green,17.5,All-Rounder,Yes,No,0.6537843514149952,0.0964162416543206,0.4392851177551361,0.6116,0.0621602458047742,0.0789473684210526,0.445,0.2057522123893805,0.2294117647058823,0.8550277606415791,0.7093602880088618,0.0883308345827086,0.0780487804878048,0.2519444444444444,0.326771653543307,0.3044444444444444
Virat Kohli,15.0,Batter,No,Yes,0.6821244210832279,100.0,0.8132620678135961,0.54816,0.9898369179862916,0.0263157894736842,0.4025000000000001,0.4513274336283185,0.5588235294117647,0.794982521077524,0.609111049570756,1.0,0.0195121951219512,0.2441666666666666,0.7244094488188977,0.6966666666666668
Alzarri Joseph,11.5,Bowler,Yes,Yes,0.0,0.0838915768212229,0.3758142642391849,0.439,0.021271567005436,0.3289473684210526,0.4325,0.1838938053097345,0.2117647058823529,0.555212831585441,0.3894119819071356,0.0033733133433283,0.1024390243902439,0.2652777777777778,0.2590551181102362,0.2288888888888889
Glenn Maxwell,11.0,All-Rounder,Yes,Yes,0.5815776781148047,0.099325846011848,0.4990813429096375,0.6190399999999999,0.6145119357125975,0.2828947368421052,0.401,0.2695575221238938,0.3338235294117647,0.5087394612379189,0.7233914889688913,0.3462018990504747,0.1804878048780487,0.2299999999999999,0.277244094488189,0.2833333333333333
Mohammed Siraj,7.0,Bowler,No,Yes,0.0,0.0967670479317045,0.1169199933188575,0.35,0.0033089104230678,0.0921052631578947,0.3895,0.2856637168141593,0.3647058823529411,0.2241414764548632,0.4227360841872057,0.0136181909045477,0.4536585365853658,0.24,0.2388976377952756,0.2333333333333333
Faf du Plessis,7.0,Batter,Yes,Yes,0.6237162474761329,100.0,0.593452480374144,0.53752,0.3611439376034034,0.0,0.1125,0.0,0.0,0.740078141065186,0.6293732114834303,0.5710894552723638,0.0,0.4444444444444444,0.0,0.0
Dinesh Karthik,5.5,Wicket-Keeper,No,Yes,0.5415857078908818,100.0,0.4406213462502087,0.5704400000000001,0.1621366107303238,0.0,0.9,0.0,0.0,0.5410240592227019,0.6247576848518417,0.6049475262368815,0.0,0.0,0.0,0.0
Yash Dayal,5.0,Bowler,No,No,0.0,0.0833286096145512,0.0,0.0,0.0,0.0,0.0,0.0,0.0,0.0,0.0,0.0,0.1365853658536585,0.2655555555555555,0.2586614173228346,0.2288888888888889
Anuj Rawat,3.4,Wicket-Keeper,No,No,0.4739290282139541,100.0,0.0,0.0,0.0,0.0,0.0,0.0,0.0,0.4085955171704709,0.5497092218222098,0.0397301349325337,0.0,0.0,0.0,0.0
Will Jacks,3.2,Batter,Yes,No,0.5665628893571253,100.0,0.266243527643227,0.55304,0.064051051760813,0.006578947368421,0.683,0.3628318584070796,0.2647058823529412,0.6755089450956199,0.8103480107080218,0.028735632183908,0.0097560975609756,0.308611111111111,0.3937007874015747,0.3
Lockie Ferguson,2.0,Bowler,Yes,Yes,0.0,0.0783932630246408,0.0604643394020377,0.3222,0.0068541715906405,0.4013157894736842,0.3575,0.1568141592920353,0.2176470588235294,0.465967509767633,0.6822671466814363,0.008495752123938,0.224390243902439,0.2486111111111111,0.2440944881889764,0.23
Reece Topley,1.9,Bowler,Yes,Yes,0.0,0.0975573822013026,0.1419742776014698,0.34,0.0040179626565823,0.2171052631578947,0.4135,0.2552212389380531,0.3073529411764705,0.0,0.2307763315794332,0.0003748125937031,0.024390243902439,0.2972222222222221,0.2866141732283464,0.2266666666666666
Mayank Dagar,1.8,All-Rounder,No,No,0.0,0.1511808596308496,0.0,0.0,0.0,0.0,0.0,0.0,0.0,0.0,0.0,0.0,0.0097560975609756,0.2469444444444444,0.7992125984251969,0.7611111111111112
Tom Curran,1.5,All-Rounder,Yes,No,0.4194703125585535,0.0967158531910237,0.1780524469684316,0.45712,0.01512644764831,0.1907894736842105,0.4625,0.2767256637168142,0.2970588235294117,0.5223113304544519,0.5478168559032586,0.0158670664667666,0.0634146341463414,0.3011111111111111,0.2603937007874016,0.2033333333333333
Mahipal Lomror,0.95,All-Rounder,No,No,0.493601308809908,0.1598639455782313,0.0,0.0,0.0,0.0,0.0,0.0,0.0,0.3736376722187949,0.6520816025108465,0.0658420789605197,0.0048780487804878,0.235,1.0,1.0
Rajan Kumar,0.7,Bowler,No,No,0.0,100.0,0.0,0.0,0.0,0.0,0.0,0.0,0.0,0.0,0.0,0.0,0.0,0.0,0.0,0.0
Karn Sharma,0.5,Bowler,No,Yes,0.0,0.0889039200105872,0.0,0.0,0.0,0.006578947368421,0.35,0.247787610619469,0.3529411764705882,0.2776064157927205,0.5510015692790547,0.0438530734632683,0.3707317073170731,0.2324999999999999,0.2162204724409449,0.2177777777777778
Suyash Prabhudessai,0.3,Batter,No,No,0.3770176059399461,100.0,0.0,0.0,0.0,0.0,0.0,0.0,0.0,0.2590993214065391,0.5486014954306286,0.0157421289355322,0.0,0.0,0.0,0.0
Vyshak Vijay Kumar,0.2,Bowler,No,No,0.0,0.0782636568176025,0.0,0.0,0.0,0.0,0.0,0.0,0.0,0.1439440674480773,0.5384473368411336,0.0017491254372813,0.0634146341463414,0.2847222222222222,0.2392125984251968,0.1966666666666666
Akash Deep,0.2,Bowler,No,No,0.0,0.1029028061358336,0.0,0.0,0.0,0.0,0.0,0.0,0.0,0.1953526629652477,0.7307763315794332,0.0023738130934532,0.0341463414634146,0.3241666666666666,0.3588188976377953,0.26
Manoj Bhandage,0.2,All-Rounder,No,No,0.0,100.0,0.0,0.0,0.0,0.0,0.0,0.0,0.0,0.0,0.0,0.0,0.0,0.0,0.0,0.0
Rajat Patidar,0.2,Batter,No,No,0.7235871182285265,100.0,0.0,0.0,0.0,0.0,0.0,0.0,0.0,0.714168208924532,0.7331302501615434,0.0998250874562718,0.0,0.0,0.0,0.0
Himanshu Sharma,0.2,Bowler,No,No,0.0,100.0,0.0,0.0,0.0,0.0,0.0,0.0,0.0,0.0,0.0,0.0,0.0,0.3166666666666666,0.0,0.0
Swapnil Singh,0.2,All-Rounder,No,No,0.3312310383791802,0.0860459785744682,0.0,0.0,0.0,0.0,0.0,0.0,0.0,0.2097470697100554,0.5230776331579433,0.0063718140929535,0.0341463414634146,0.2477777777777777,0.2710236220472441,0.2566666666666667
Ravindra Jadeja,16.0,All-Rounder,No,Yes,0.5051491997827288,0.0939559556113711,0.3582762652413562,0.50864,0.1217206334199952,0.3552631578947368,0.3565,0.2641592920353982,0.3691176470588235,0.5632325724861196,0.5990030462475768,0.3696901549225387,0.7804878048780488,0.2116666666666666,0.2393700787401574,0.2655555555555555
Daryl Mitchell,14.0,All-Rounder,Yes,No,0.5350388738620737,0.1403427706705649,0.432938032403541,0.55204,0.3063105648782794,0.0526315789473684,0.5435,0.2023893805309734,0.1852941176470588,0.555212831585441,0.6067571309886458,0.0438530734632683,0.0048780487804878,0.3366666666666666,0.7637795275590551,0.5333333333333333
Deepak Chahar,14.0,Bowler,No,Yes,0.0,0.0853444931223222,0.4426256889928178,0.75712,0.0125265894587567,0.2039473684210526,0.415,0.2131858407079646,0.2558823529411764,0.2348344643224346,0.625819255977107,0.0099950024987506,0.375609756097561,0.2216666666666666,0.2270866141732283,0.24
MS Dhoni,12.0,Wicket-Keeper,No,Yes,0.6387492767108698,100.0,0.628027392684149,0.50452,0.3821791538643347,0.0,0.0,0.0,0.0,0.8044417026526833,0.634773377642389,0.6550474762618691,0.0,0.0,0.0,0.0
Sameer Rizvi,8.4,Batter,No,No,0.3788400913920199,100.0,0.0,0.0,0.0,0.0,0.0,0.0,0.0,0.2621838371375694,0.5474014585064155,0.0063718140929535,0.0,0.0,0.0,0.0
Ruturaj Gaikwad,8.0,Batter,No,Yes,0.6767495100940245,100.0,0.6607649908134291,0.57412,0.149610021271567,0.0,0.0,0.0,0.0,0.8585235451367468,0.6316809747992247,0.297351324337831,0.0,0.0,0.0,0.0
Moeen Ali,6.0,All-Rounder,Yes,Yes,0.5013606984416336,0.0861888615190829,0.353766494070486,0.56964,0.2904750649964547,0.3355263157894737,0.4155,0.2400884955752212,0.2867647058823529,0.4684351223524572,0.6532354841687437,0.1451774112943528,0.1707317073170731,0.1961111111111111,0.2008661417322834,0.24
Shivam Dube,4.0,All-Rounder,No,No,0.5827498479274827,0.1097898953296437,0.4987472857858694,0.5397200000000001,0.1058851335381706,0.0723684210526315,0.4765,0.3491150442477876,0.3647058823529411,0.6177256837343202,0.6769592910551093,0.1876561719140429,0.024390243902439,0.2677777777777778,0.2834645669291338,0.2488888888888888
Shardul Thakur,4.0,All-Rounder,No,No,0.466534349343037,0.0849744739754806,0.384165692333389,0.72628,0.0163082013708343,0.2171052631578947,0.4575,0.2069911504424778,0.225,0.2525190211803413,0.6411428043939813,0.0383558220889555,0.4585365853658537,0.2561111111111111,0.2403149606299212,0.22
Mustafizur Rahman,2.0,Bowler,Yes,Yes,0.0,0.0820010975377013,0.0763320527810255,0.2974,0.0205625147719215,0.8684210526315789,0.3755,0.1913274336283185,0.2529411764705882,0.2673246966892864,0.2608695652173913,0.0016241879060469,0.2975609756097561,0.2261111111111111,0.2274015748031496,0.2355555555555555
Mitchell Santner,1.9,All-Rounder,Yes,Yes,0.3485542935612004,0.0823775825499936,0.2749290128611993,0.48912,0.1595367525407705,0.756578947368421,0.3525,0.1948672566371681,0.2749999999999999,0.239769689492083,0.4550447706083264,0.0087456271864067,0.073170731707317,0.1919444444444444,0.2214960629921259,0.2711111111111111
Rachin Ravindra,1.8,All-Rounder,Yes,No,0.4707386754355214,0.0702828876693327,0.2572239853014865,0.49944,0.0545970219806192,0.0855263157894736,0.32,0.1742477876106195,0.2705882352941176,0.4565083281924737,0.7424536139573525,0.0277361319340329,0.0,0.0972222222222222,0.0,0.0
Rajvardhan Hangargekar,1.5,Bowler,No,No,0.0,0.0573065902578796,0.0,0.0,0.0,0.0,0.0,0.0,0.0,0.0,0.0,0.0,0.0146341463414634,0.2777777777777778,0.1574803149606299,0.1333333333333333
Prashant Solanki,1.2,Bowler,No,No,0.0,0.0575658367077338,0.0,0.0,0.0,0.0,0.0,0.0,0.0,0.0,0.0,0.0,0.0097560975609756,0.1758333333333333,0.1496062992125984,0.2
Devon Conway,1.0,Wicket-Keeper,Yes,Yes,0.6896260188855458,100.0,0.6355436779689326,0.51104,0.332781848262822,0.0,0.0,0.0,0.0,1.0,0.6520816025108465,0.1154422788605697,0.0,0.0,0.0,0.0
Maheesh Theekshana,0.7,Bowler,Yes,Yes,0.0,0.0902818512825362,0.0607983965258059,0.24576,0.0120538879697471,0.3552631578947368,0.338,0.227787610619469,0.3352941176470588,0.1439440674480773,0.4615526631588664,0.0008745627186406,0.1219512195121951,0.2127777777777777,0.2510236220472441,0.2766666666666666
Nishant Sindhu,0.6,All-Rounder,No,No,0.0,100.0,0.0,0.0,0.0,0.0,0.0,0.0,0.0,0.0,0.0,0.0,0.0,0.0,0.0,0.0
Ajinkya Rahane,0.5,Batter,No,Yes,0.4974369729832369,100.0,0.3479204944045431,0.45316,0.0886315291893169,0.0,0.0,0.0,0.0,0.6197820275550071,0.569648296870673,0.579960019990005,0.0048780487804878,0.1388888888888889,0.0393700787401574,0.0666666666666666
Matheesha Pathirana,0.2,Bowler,Yes,No,0.0,0.05884833873516,0.0945381660263905,0.23448,0.0040179626565823,0.1513157894736842,0.4145,0.1350442477876106,0.1617647058823529,0.0,0.0,0.0,0.1658536585365853,0.2186111111111111,0.1370866141732283,0.1466666666666666
Shaik Rasheed,0.2,Batter,No,No,0.0,100.0,0.0,0.0,0.0,0.0,0.0,0.0,0.0,0.0,0.0,0.0,0.0,0.0,0.0,0.0
Ajay Mandal,0.2,All-Rounder,No,No,0.0,100.0,0.0,0.0,0.0,0.0,0.0,0.0,0.0,0.0,0.0,0.0,0.0,0.0,0.0,0.0
Simarjeet Singh,0.2,Bowler,No,No,0.0,0.0764186243086535,0.0,0.0,0.0,0.0,0.0,0.0,0.0,0.1439440674480773,0.4038585802640081,0.0008745627186406,0.0439024390243902,0.2397222222222222,0.2265354330708661,0.2222222222222222
Mukesh Choudhary,0.2,Bowler,No,No,0.0,0.0746584760580541,0.0,0.0,0.0,0.0,0.0,0.0,0.0,0.1233806292412091,0.4615526631588664,0.0007496251874062,0.0780487804878048,0.2691666666666666,0.2218897637795275,0.1933333333333333
Tushar Deshpande,0.2,Bowler,No,No,0.0,0.0891484884427102,0.0,0.0,0.0,0.0131578947368421,0.458,0.243362831858407,0.2647058823529412,0.4318322023442319,0.6923289947382997,0.002623688155922,0.2048780487804878,0.2677777777777778,0.2329921259842519,0.2044444444444444
Aravelly Rao,0.2,Wicket-Keeper,No,No,0.0,100.0,0.0,0.0,0.0,0.0,0.0,0.0,0.0,0.0,0.0,0.0,0.0,0.0,0.0,0.0
Rashid Khan,15.0,Bowler,Yes,Yes,0.0,0.0641403595865442,0.2326707867045264,0.51252,0.1087213424722288,1.0,0.304,0.1250442477876106,0.2044117647058823,0.3026938104050997,0.7464229668605188,0.0680909545227386,0.7268292682926829,0.1894444444444444,0.1718110236220472,0.2122222222222222
Spencer Johnson,10.0,Bowler,Yes,No,0.0,0.0966217856663845,0.0,0.0,0.0,0.0394736842105263,0.4570000000000001,0.235929203539823,0.2573529411764705,0.0,0.3955967875934644,0.0007496251874062,0.0195121951219512,0.2619444444444444,0.2972440944881889,0.2666666666666666
Rahul Tewatia,9.0,All-Rounder,No,Yes,0.5689500557905048,0.0859261315405678,0.0,0.0,0.0,0.0,0.0,0.0,0.0,0.5206662553979025,0.621711437274993,0.1265617191404297,0.1560975609756097,0.2194444444444444,0.2733070866141732,0.2922222222222222
Shubman Gill,8.0,Batter,No,Yes,0.616810473512977,100.0,0.508100885251378,0.55708,0.1366107303238005,0.0,0.0,0.0,0.0,0.7779148673658234,0.6262808086402658,0.4017991004497751,0.0,0.0,0.0,0.0
Shahrukh Khan,7.4,All-Rounder,No,No,0.5148880547949211,100.0,0.0,0.0,0.0,0.0,0.0,0.0,0.0,0.4061279045856467,0.6527739315055848,0.0690904547726136,0.0,0.2083333333333333,0.0,0.0
Mohammed Shami,6.25,Bowler,No,Yes,0.0,0.0898316982300382,0.0,0.0,0.0,0.1578947368421052,0.447,0.2621238938053097,0.2911764705882353,0.1170059633970799,0.4323363795809102,0.0092453773113443,0.6195121951219512,0.2341666666666666,0.2114960629921259,0.2122222222222222
Umesh Yadav,5.8,Bowler,No,Yes,0.0,0.0850102953467114,0.3674628361449808,0.41904,0.0051997163791065,0.0789473684210526,0.4665,0.2064601769911504,0.2205882352941176,0.203578038247995,0.477614695836795,0.0259870064967516,0.7024390243902439,0.2358333333333333,0.2359842519685039,0.2344444444444444
Joshua Little,4.4,Bowler,Yes,Yes,0.0,0.0874376962660558,0.1822281610155336,0.34248,0.0309619475301347,0.513157894736842,0.375,0.2166371681415929,0.2867647058823529,0.0,0.0,0.0,0.0536585365853658,0.2477777777777777,0.2425984251968503,0.23
Robin Minz,3.6,Wicket-Keeper,No,No,0.0,100.0,0.0,0.0,0.0,0.0,0.0,0.0,0.0,0.0,0.0,0.0,0.0,0.0,0.0,0.0
Sai Kishore,3.0,Bowler,No,No,0.0,0.0643536127225057,0.0,0.0,0.0,0.0263157894736842,0.2625,0.1393805309734513,0.2647058823529412,0.2673246966892864,1.0,0.0016241879060469,0.0634146341463414,0.2311111111111111,0.1562204724409449,0.1588888888888889
David Miller,3.0,Batter,Yes,Yes,0.6256642759202721,100.0,0.5575413395690664,0.56216,0.5759867643583078,0.0,0.0,0.0,0.0,0.7421344848858729,0.6426197729160896,0.3653173413293353,0.0,0.0,0.0,0.0
Abhinav Manohar,2.6,Batter,No,No,0.4559505383177747,100.0,0.0,0.0,0.0,0.0,0.0,0.0,0.0,0.3392967304133251,0.6127111603433951,0.0288605697151424,0.0,0.0,0.0,0.0
Matthew Wade,2.4,Wicket-Keeper,Yes,Yes,0.4227613453519532,100.0,0.4364456322031067,0.5366000000000001,0.2840935948948239,0.0,0.0,0.0,0.0,0.2687641373637672,0.4771531431736361,0.022863568215892,0.0,0.0,0.0,0.0
Sushant Mishra,2.2,Bowler,No,No,0.0,100.0,0.0,0.0,0.0,0.0,0.0,0.0,0.0,0.0,0.0,0.0,0.0,0.0,0.0,0.0
Kane Williamson,2.0,Batter,Yes,Yes,0.5874813489412112,100.0,0.5585435109403708,0.49232,0.6086031670999764,0.0394736842105263,0.4165,0.241858407079646,0.2882352941176471,0.7291795188155459,0.5797563001938522,0.2658670664667666,0.0,0.2869444444444444,0.0,0.0
Wriddhiman Saha,1.9,Wicket-Keeper,No,Yes,0.5417289673820106,100.0,0.0,0.0,0.0,0.0,0.0,0.0,0.0,0.4984577421344848,0.58875657712545,0.3665667166416791,0.0,0.0,0.0,0.0
Jayant Yadav,1.7,Bowler,No,No,0.0,0.1064445978191604,0.0,0.0,0.0,0.0,0.0,0.0,0.0,0.2056343820686818,0.5128311640358165,0.0049975012493753,0.0390243902439024,0.1899999999999999,0.4379527559055118,0.5411111111111112
Vijay Shankar,1.4,All-Rounder,No,No,0.5212007826218477,0.1108816762141709,0.4217471187573075,0.5534,0.0238714251949893,0.0328947368421052,0.4545,0.3380530973451328,0.3705882352941176,0.5210775241620398,0.5990953567802086,0.1393053473263368,0.0439024390243902,0.2408333333333333,0.3009448818897637,0.2933333333333333
Kartik Tyagi,0.6,Bowler,No,No,0.0,0.1060597874595756,0.0,0.0,0.0,0.0,0.0,0.0,0.0,0.0668311741723216,0.3750115388165789,0.0016241879060469,0.073170731707317,0.2813888888888889,0.374251968503937,0.3122222222222222
Mohit Sharma,0.5,Bowler,No,Yes,0.0,0.0893814219194425,0.0,0.1714,0.0007090522335145,0.0394736842105263,0.4019999999999999,0.2728318584070796,0.3382352941176471,0.149907464528069,0.4303055478630112,0.0154922538730634,0.6439024390243903,0.2408333333333333,0.1941732283464567,0.1888888888888888
Azmatullah Omarzai,0.5,All-Rounder,Yes,Yes,0.3369951241986499,0.1105820650351992,0.2221479873058293,0.44956,0.0943039470574332,0.1842105263157894,0.4245,0.2784070796460177,0.3264705882352941,0.2159161011721159,0.5874180744022893,0.005247376311844,0.0195121951219512,0.2458333333333333,0.3661417322834646,0.35
Noor Ahmad,0.3,Bowler,Yes,No,0.0,0.1002032278373008,0.1140805077668281,0.3094,0.0096903805246986,0.0460526315789473,0.347,0.333716814159292,0.4779411764705882,0.0668311741723216,0.3333333333333333,0.0016241879060469,0.1170731707317073,0.2230555555555555,0.2161417322834645,0.2277777777777777
Darshan Nalkande,0.2,Bowler,No,No,0.0,0.0667357264087201,0.0,0.0,0.0,0.0,0.0,0.0,0.0,0.1233806292412091,0.4615526631588664,0.0014992503748125,0.0292682926829268,0.2936111111111111,0.1941732283464567,0.1555555555555555
Manav Suthar,0.2,Bowler,No,No,0.0,100.0,0.0,0.0,0.0,0.0,0.0,0.0,0.0,0.0205634382068681,0.2307763315794332,0.0001249375312343,0.0,0.3611111111111111,0.0,0.0
Sai Sudharsan,0.2,Batter,No,No,0.7878882700376296,100.0,0.0,0.0,0.0,0.0,0.0,0.0,0.0,0.9664815957228048,0.6422966860518785,0.1291854072963518,0.0,0.0,0.0,0.0
Mitchell Starc,24.75,Bowler,Yes,Yes,0.0,0.0776985740568432,0.1636879906464005,0.392,0.0231623729614748,0.5197368421052632,0.387,0.2107079646017699,0.2705882352941176,0.239769689492083,0.444613680420936,0.0131184407796101,0.248780487804878,0.2277777777777777,0.175511811023622,0.18
Andre Russell,16.0,All-Rounder,Yes,Yes,0.5947907017841672,0.0857622086284429,0.3669617504593285,0.6547999999999999,0.2441503190735051,0.3947368421052631,0.4615,0.2675221238938053,0.2882352941176471,0.6008636644046884,0.8073479183974891,0.3103448275862069,0.5609756097560976,0.2597222222222222,0.1811023622047244,0.1633333333333333
Shreyas Iyer,12.25,Batter,No,Yes,0.5768268143924882,100.0,0.512109570736596,0.5444800000000001,0.2609312219333491,0.0,0.3,0.0,0.0,0.6627596134073616,0.588341179728607,0.390679660169915,0.0,0.1944444444444444,0.0,0.0
Varun Chakaravarthy,12.0,Bowler,No,Yes,0.0,0.0869980386191975,0.0,0.0,0.0,0.0460526315789473,0.297,0.2591150442477876,0.4338235294117647,0.1285214887929261,0.250807717160528,0.0031234382808595,0.4048780487804878,0.2099999999999999,0.1899212598425197,0.2122222222222222
Nitish Rana,8.0,Batter,No,Yes,0.3885946467542036,100.0,0.1252714214130616,0.2221999999999999,0.0035452611675726,0.0,0.0,0.0,0.0,0.5891425046267735,0.6232807163297331,0.329335332333833,0.048780487804878,0.2333333333333333,0.1984251968503937,0.2
Venkatesh Iyer,8.0,All-Rounder,No,No,0.6212508682630976,0.0899899897952453,0.5553699682645733,0.64876,0.0314346490191444,0.0328947368421052,0.409,0.1327433628318584,0.1617647058823529,0.6491877441908286,0.6328810117234377,0.1656671664167916,0.0146341463414634,0.2941666666666666,0.3752755905511811,0.3
Sunil Narine,6.0,All-Rounder,Yes,Yes,0.3984914924598433,0.078000074127722,0.1725405044262569,0.44924,0.036634365398251,0.3421052631578947,0.3005,0.1880530973451327,0.3102941176470588,0.3504009870450338,0.7653927813163482,0.1916541729135432,0.8780487804878049,0.1869444444444444,0.1999212598425196,0.2511111111111111
Jason Roy,2.8,Batter,Yes,Yes,0.5636530193162531,100.0,0.4033739769500584,0.55044,0.3597258331363744,0.0,0.0,0.0,0.0,0.6644046884639111,0.6397119911381889,0.076711644177911,0.0,0.0,0.0,0.0
Mujeeb Ur Rahman,2.0,Bowler,Yes,Yes,0.0,0.0795047466456225,0.1503257056956739,0.49088,0.0127629402032616,0.3881578947368421,0.3175,0.1601769911504424,0.25,0.0822537528274727,0.3692421305270931,0.0014992503748125,0.0926829268292682,0.2272222222222222,0.2452755905511811,0.2533333333333333
Sherfane Rutherford,1.5,Batter,Yes,No,0.4454161521847462,100.0,0.4409554033739769,0.58448,0.0935948948239187,0.006578947368421,0.514,0.6371681415929203,0.6176470588235294,0.3113304544519843,0.4704144742915166,0.0132433783108445,0.0048780487804878,0.2397222222222222,0.4645669291338583,0.4555555555555555
Gus Atkinson,1.0,Bowler,Yes,No,0.0,0.0558535514536049,0.0,0.32,0.0018908059560387,0.0394736842105263,0.475,0.1238938053097345,0.1294117647058823,0.0,0.0,0.0,0.0,0.0,0.0,0.0
Vaibhav Arora,0.6,Bowler,No,No,0.0,0.0798900131683985,0.0,0.0,0.0,0.0,0.0,0.0,0.0,0.0925354719309068,0.2596233730268623,0.0011244377811094,0.0926829268292682,0.255,0.2428346456692913,0.2233333333333333
Rinku Singh,0.55,Batter,No,No,0.7460800823610297,100.0,1.0,0.7018,0.1132120066178208,0.0131578947368421,0.15,0.0132743362831858,0.0441176470588235,0.6331482623894714,0.6615434321056033,0.1115692153923038,0.0,0.0,0.0,0.0
Manish Pandey,0.5,Batter,No,Yes,0.5968375921477663,100.0,0.7401035577083682,0.5046,0.1675726778539352,0.0,0.0,0.0,0.0,0.5996298581122763,0.5589402750853872,0.4810094952523738,0.0,0.0,0.0,0.0
KS Bharat,0.5,Wicket-Keeper,No,No,0.5738426097154581,100.0,0.0,0.0,0.0,0.0,0.0,0.0,0.0,0.5844129138391939,0.5634634911843441,0.0248625687156421,0.0,0.0,0.0,0.0
Chetan Sakariya,0.5,Bowler,No,No,0.0,0.0983935073728254,0.0,0.2221999999999999,0.0011817537225242,0.006578947368421,0.4635,0.3008849557522124,0.3235294117647059,0.068476249228871,0.2977476230037847,0.0024987506246876,0.0975609756097561,0.2341666666666666,0.2358267716535433,0.2366666666666667
Rahmanullah Gurbaz,0.5,Wicket-Keeper,Yes,Yes,0.5097367515665948,100.0,0.4392851177551361,0.54192,0.3916331836445285,0.0,0.0,0.0,0.0,0.4571252313386797,0.6175113080402473,0.0361069465267366,0.0,0.0,0.0,0.0
Angkrish Raghuvanshi,0.2,Batter,No,No,0.5856495481422037,100.0,0.0,0.0,0.0,0.0,0.0,0.0,0.0,0.4787168414558914,0.7164681990215083,0.0203648175912044,0.0,0.0,0.0,0.0
Harshit Rana,0.2,Bowler,No,No,0.0,0.0654160324758479,0.0,0.0,0.0,0.0,0.0,0.0,0.0,0.0205634382068681,0.3076710052617003,0.0002498750624687,0.1219512195121951,0.2513888888888889,0.1829921259842519,0.1711111111111111
Ramandeep Singh,0.2,All-Rounder,No,No,0.6694181323748133,0.0338511137162954,0.0,0.0,0.0,0.0,0.0,0.0,0.0,0.5825622044005757,0.7692236684205668,0.021239380309845,0.0292682926829268,0.2624999999999999,0.0826771653543307,0.0733333333333333
Anukul Roy,0.2,All-Rounder,No,No,0.2983951866832628,0.0916677221351909,0.0,0.0,0.0,0.0,0.0,0.0,0.0,0.1780793748714784,0.5,0.0032483758120939,0.024390243902439,0.2338888888888888,0.3007874015748031,0.3022222222222222
Sakib Hussain,0.2,Bowler,No,No,0.0,100.0,0.0,0.0,0.0,0.0,0.0,0.0,0.0,0.0,0.0,0.0,0.0,0.0,0.0,0.0
Suyash Sharma,0.2,Bowler,No,No,0.0,0.0903815886380746,0.0,0.0,0.0,0.0,0.0,0.0,0.0,0.0,0.0,0.0,0.048780487804878,0.2402777777777777,0.2929133858267717,0.2866666666666667
KL Rahul,17.0,Batter,No,Yes,0.6788879904436764,100.0,0.6305328211124103,0.55648,0.5353344363034743,0.0,0.0,0.0,0.0,0.9348139008842278,0.6212498846118342,0.5850824587706147,0.0,0.0,0.0,0.0
Nicholas Pooran,16.0,Wicket-Keeper,Yes,Yes,0.6037900065452827,100.0,0.4581593452480374,0.5535599999999999,0.5187898841881352,0.0,0.0,0.0,0.0,0.6613201727328808,0.7490538170405243,0.2210144927536231,0.0,0.0,0.0,0.0
Marcus Stoinis,10.0,All-Rounder,Yes,Yes,0.579797259913113,0.0838255178149333,0.5049273425755805,0.58248,0.2715670054360671,0.2960526315789473,0.433,0.2062831858407079,0.2367647058823529,0.5813283981081636,0.6554047816855904,0.2331334332833583,0.2097560975609756,0.2641666666666666,0.2332283464566929,0.2066666666666667
Krunal Pandya,8.25,All-Rounder,No,Yes,0.4991972292121658,0.1058836878656673,0.4142308334725238,0.5220800000000001,0.0293074923186008,0.0986842105263157,0.405,0.3268141592920354,0.4014705882352941,0.4639111659469462,0.6130342472076064,0.2057721139430284,0.3707317073170731,0.2044444444444444,0.2699212598425197,0.31
Devdutt Padikkal,7.75,Batter,No,No,0.4494212578876467,100.0,0.3173542675797561,0.4,0.0089813282911841,0.0,0.0,0.0,0.0,0.5169648365206662,0.5683559494138282,0.1947776111944028,0.0,0.0,0.0,0.0
Mark Wood,7.5,Bowler,Yes,Yes,0.0,0.0634064079336143,0.0,0.33844,0.0025998581895532,0.3289473684210526,0.42,0.1732743362831858,0.2044117647058823,0.1233806292412091,0.6923289947382997,0.0014992503748125,0.0536585365853658,0.2486111111111111,0.1281102362204724,0.1211111111111111
Quinton de Kock,6.75,Wicket-Keeper,Yes,Yes,0.5854218107579262,100.0,0.526306998496743,0.55328,0.61073032380052,0.0,0.0,0.0,0.0,0.6426074439646308,0.6194959844918305,0.3944277861069465,0.0,0.0,0.0,0.0
Shivam Mavi,6.4,Bowler,No,No,0.0,0.078698937291917,0.233839986637715,0.6222000000000001,0.0066178208461356,0.0460526315789473,0.439,0.1554867256637168,0.1764705882352941,0.1163890602508739,0.4203360103387796,0.0063718140929535,0.1463414634146341,0.2416666666666666,0.2472440944881889,0.24
Deepak Hooda,5.75,All-Rounder,No,No,0.513441196252873,0.0904516816945408,0.512109570736596,0.5888,0.086977073977783,0.0394736842105263,0.24,0.1120353982300885,0.2323529411764706,0.3765165535677564,0.5978491645896796,0.1830334832583708,0.048780487804878,0.2372222222222222,0.4181102362204724,0.4144444444444444
Ravi Bishnoi,4.0,Bowler,No,Yes,0.0,0.0781852476747114,0.1369634207449473,0.54664,0.0096903805246986,0.3355263157894737,0.365,0.1630973451327433,0.2220588235294117,0.0822537528274727,0.2953937044216745,0.0039980009995002,0.3073170731707317,0.2166666666666666,0.2294488188976378,0.2477777777777778
Manimaran Siddharth,2.4,Bowler,No,No,0.0,0.1246272557708528,0.0,0.0,0.0,0.0,0.0,0.0,0.0,0.0,0.0,0.0,0.0048780487804878,0.2188888888888888,0.5590551181102362,0.6
David Willey,2.0,All-Rounder,Yes,No,0.4273208942831375,0.1012402013283338,0.2515450141974277,0.52252,0.053415268258095,0.3355263157894737,0.409,0.2046902654867256,0.2485294117647058,0.5449311124820069,0.394535216468199,0.0066216891554222,0.0292682926829268,0.2097222222222222,0.3569291338582677,0.4
Ashton Turner,1.0,Batter,Yes,No,0.2353130175617564,100.0,0.2041089026223484,0.3358399999999999,0.0259985818955329,0.0263157894736842,0.315,0.1814159292035398,0.2867647058823529,0.0987045033929672,0.3955967875934644,0.0029985007496251,0.0,0.0,0.0,0.0
Krishnappa Gowtham,0.9,All-Rounder,No,No,0.4661768562808213,0.0918738374217636,0.0,0.0,0.0,0.0,0.0,0.0,0.0,0.2821303721982315,0.7702852395458321,0.0308595702148925,0.1024390243902439,0.2288888888888889,0.3029133858267716,0.3111111111111111
Amit Mishra,0.5,Bowler,No,Yes,0.0,0.0675048571805186,0.0,0.0,0.0,0.1052631578947368,0.3155,0.1327433628318584,0.2088235294117646,0.2447049146617314,0.4196898366103572,0.0476011994002998,0.848780487804878,0.2047222222222222,0.1875590551181102,0.2144444444444444
Kyle Mayers,0.5,All-Rounder,Yes,No,0.5415803672475124,100.0,0.3636211792216469,0.55316,0.180099267312692,0.0,0.475,0.0,0.0,0.5994242237302075,0.6650973876119265,0.047351324337831,0.0,0.2338888888888888,0.0,0.0
Naveen-ul-Haq,0.5,Bowler,Yes,Yes,0.0,0.0730429213909632,0.0815099381994321,0.27076,0.0103994327582131,0.3881578947368421,0.3935,0.1763716814159292,0.2220588235294117,0.3701418877236273,0.3323179174743838,0.0022488755622188,0.1219512195121951,0.2544444444444444,0.1861417322834645,0.1711111111111111
Yash Thakur,0.45,Bowler,No,No,0.0,0.075317262513103,0.0,0.0,0.0,0.0,0.0,0.0,0.0,0.0,0.0,0.0,0.1170731707317073,0.285,0.2266929133858267,0.1866666666666666
Mohsin Khan,0.2,Bowler,No,No,0.0,0.0703544898094927,0.0,0.0,0.0,0.0,0.0,0.0,0.0,0.171293440263212,0.4807532539462752,0.0031234382808595,0.1317073170731707,0.2361111111111111,0.2008661417322834,0.2
Yudhvir Singh,0.2,All-Rounder,No,No,0.2679113974150337,0.0786952855967412,0.0,0.0,0.0,0.0,0.0,0.0,0.0,0.113098910137775,0.6346349118434413,0.0027486256871564,0.0195121951219512,0.2822222222222222,0.2401574803149606,0.2
Ayush Badoni,0.2,Batter,No,No,0.5568988938260182,100.0,0.0,0.0,0.0,0.0,0.0,0.0,0.0,0.5013366234834463,0.6186190344318286,0.0792103948025987,0.0097560975609756,0.24,0.1417322834645669,0.1388888888888889
Mayank Yadav,0.2,Bowler,No,No,0.0,0.0619952081704837,0.0,0.4,0.0002363507445048,0.0263157894736842,0.3455,0.1836283185840708,0.2647058823529412,0.0,0.0,0.0,0.0341463414634146,0.1938888888888889,0.0955905511811023,0.1155555555555555
Arshad Khan,0.2,All-Rounder,No,No,0.5922638473135203,0.1099756933109838,0.0,0.0,0.0,0.0,0.0,0.0,0.0,0.5192268147234217,0.6755746330656328,0.0126186906546726,0.0292682926829268,0.3469444444444444,0.3988976377952755,0.27
Prerak Mankad,0.2,All-Rounder,No,No,0.638520456726866,100.0,0.0,0.0,0.0,0.0,0.0,0.0,0.0,0.6648159572280484,0.6132650235391859,0.0121189405297351,0.0,0.0,0.0,0.0
Arshin Kulkarni,0.2,All-Rounder,No,No,0.2192002342486639,100.0,0.0,0.0,0.0,0.0,0.0,0.0,0.0,0.0925354719309068,0.5192467460537247,0.0011244377811094,0.0,0.0,0.0,0.0
Sam Curran,18.5,All-Rounder,Yes,Yes,0.4482491792643125,0.08930033884116,0.2112911307833639,0.47124,0.0687780666509099,0.3552631578947368,0.4155,0.2205309734513274,0.263235294117647,0.5186099115772156,0.629880919412905,0.11031984007996,0.2829268292682926,0.2680555555555555,0.2578740157480315,0.2255555555555555
Harshal Patel,11.75,All-Rounder,No,No,0.3342495871756049,0.0815954287699141,0.2142976448972774,0.54032,0.018199007326873,0.1907894736842105,0.459,0.2349557522123893,0.2544117647058823,0.1895949002673246,0.5661404966306656,0.0311094452773613,0.6585365853658537,0.2427777777777777,0.1836220472440944,0.1777777777777777
Liam Livingstone,11.5,All-Rounder,Yes,Yes,0.5891625231544038,0.0914482045851894,0.439118089193252,0.60592,0.1926258567714488,0.1907894736842105,0.414,0.2123893805309734,0.2544117647058823,0.5850298169853999,0.7497923013015785,0.1173163418290854,0.0536585365853658,0.2536111111111111,0.281259842519685,0.26
Kagiso Rabada,9.25,Bowler,Yes,Yes,0.0,0.0815772467027945,0.2894604977451144,0.4425199999999999,0.0368707161427558,0.4671052631578947,0.415,0.2402654867256637,0.2882352941176471,0.2490232366851737,0.4926151573894581,0.0257371314342828,0.5707317073170731,0.2355555555555555,0.1729133858267716,0.1722222222222222
Shikhar Dhawan,8.25,Batter,No,Yes,0.5703295524756444,100.0,0.4663437447803575,0.50544,0.4157409595840227,0.0,0.0,0.0,0.0,0.7248611967921036,0.5868180559401828,0.8457021489255372,0.0195121951219512,0.2291666666666666,0.1299212598425196,0.1333333333333333
Rilee Rossouw,8.0,Batter,Yes,No,0.6000873346162969,100.0,0.5822615667279105,0.63916,0.1812810210352162,0.0,0.0,0.0,0.0,0.4863253135924326,0.7088064248130711,0.059095452273863,0.0,0.0,0.0,0.0
Jonny Bairstow,6.75,Wicket-Keeper,Yes,Yes,0.6063314720602158,100.0,0.4982462001002171,0.55012,0.3949420940675963,0.0,0.0,0.0,0.0,0.7102611556652271,0.6667128219329825,0.1985257371314343,0.0,0.0,0.0,0.0
Rahul Chahar,5.25,Bowler,No,Yes,0.0,0.084832400626271,0.0835142809420411,0.4,0.0011817537225242,0.0460526315789473,0.3795,0.2110619469026548,0.2764705882352941,0.1657413119473575,0.4801532354841687,0.0161169415292353,0.3658536585365853,0.2144444444444444,0.2247244094488188,0.2455555555555555
Chris Woakes,4.2,All-Rounder,Yes,No,0.3619101710187591,0.0806420819730597,0.2727576415567062,0.50256,0.0347435594422122,0.2039473684210526,0.4035,0.2346017699115044,0.2897058823529411,0.2673246966892864,0.4675066925136158,0.0097451274362818,0.1463414634146341,0.2491666666666666,0.1726771653543307,0.1622222222222222
Arshdeep Singh,4.0,Bowler,No,Yes,0.0,0.0744490167632685,0.1474862201436445,0.4608399999999999,0.0125265894587567,0.5723684210526315,0.414,0.1623893805309734,0.1941176470588235,0.1192679415998354,0.3346256807901781,0.0036231884057971,0.3707317073170731,0.2505555555555555,0.2125984251968504,0.1988888888888889
Harpreet Brar,3.8,Bowler,No,No,0.0,0.0875236654318028,0.0,0.0,0.0,0.0,0.0,0.0,0.0,0.4355336212214681,0.5660020308317179,0.0291104447776111,0.1219512195121951,0.2194444444444444,0.2818897637795275,0.3011111111111111
Nathan Ellis,0.75,Bowler,Yes,No,0.0,0.0747251235280005,0.0945381660263905,0.2,0.0040179626565823,0.1842105263157894,0.3885,0.1523008849557522,0.1941176470588235,0.0976763314826238,0.3507800240007385,0.0023738130934532,0.0878048780487804,0.2391666666666666,0.2222047244094488,0.2177777777777778
Prabhsimran Singh,0.6,Wicket-Keeper,No,No,0.5554329206797063,100.0,0.0,0.0,0.0,0.0,0.0,0.0,0.0,0.4571252313386797,0.6748823040708944,0.0944527736131934,0.0,0.0,0.0,0.0
Rishi Dhawan,0.55,All-Rounder,No,No,0.3754758061363622,0.1132462595671677,0.0,0.2,0.0002363507445048,0.006578947368421,0.525,0.3716814159292035,0.3529411764705882,0.3925560353691136,0.5182774854610911,0.0262368815592203,0.1219512195121951,0.2241666666666666,0.2806299212598425,0.2933333333333333
Sikandar Raza,0.5,All-Rounder,Yes,Yes,0.5353305518729695,0.098941097448811,0.4444630031735426,0.5531200000000001,0.5284802647128338,0.5,0.348,0.1958407079646017,0.2794117647058823,0.5346493933785729,0.6176497738391951,0.0227386306846576,0.0146341463414634,0.2797222222222222,0.3700787401574803,0.3111111111111111
Harpreet Singh,0.4,Batter,No,No,0.4151648978935801,100.0,0.0,0.0,0.0,0.0,0.0,0.0,0.0,0.361299609294674,0.4770608326410043,0.015367316341829,0.0,0.0,0.0,0.0
Atharva Taide,0.2,Batter,No,No,0.6187835483182956,100.0,0.0,0.0,0.0,0.0,0.0,0.0,0.0,0.564260744396463,0.6785747253761655,0.0308595702148925,0.0,0.6666666666666666,0.0,0.0
Ashutosh Sharma,0.2,All-Rounder,No,No,0.6546715091070092,100.0,0.0,0.0,0.0,0.0,0.0,0.0,0.0,0.555212831585441,0.7719468291332041,0.0236131934032983,0.0,0.0,0.0,0.0
Jitesh Sharma,0.2,Wicket-Keeper,No,No,0.476904795639588,100.0,0.2385167863704693,0.5882000000000001,0.0236350744504845,0.0,0.0,0.0,0.0,0.4690520254986632,0.6975445398319948,0.0912043978010994,0.0,0.0,0.0,0.0
Shashank Singh,0.2,All-Rounder,No,No,0.7349487932563523,0.0694361087771242,0.0,0.0,0.0,0.0,0.0,0.0,0.0,0.7248611967921036,0.7451767746699898,0.0528485757121439,0.0048780487804878,0.2313888888888888,0.1968503937007873,0.2
Prince Choudhary,0.2,Bowler,No,No,0.0,100.0,0.0,0.0,0.0,0.0,0.0,0.0,0.0,0.0,0.0,0.0,0.0,0.0,0.0,0.0
Shivam Singh,0.2,Batter,No,No,0.0,100.0,0.0,0.0,0.0,0.0,0.0,0.0,0.0,0.0,0.3076710052617003,0.0002498750624687,0.0,0.0,0.0,0.0
Vidwath Kaverappa,0.2,Bowler,No,No,0.0,0.0538922155688622,0.0,0.0,0.0,0.0,0.0,0.0,0.0,0.0,0.0,0.0,0.0097560975609756,0.25,0.1417322834645669,0.1333333333333333
Vishwapratap Singh,0.2,All-Rounder,No,No,0.0,100.0,0.0,0.0,0.0,0.0,0.0,0.0,0.0,0.0,0.0,0.0,0.0,0.0,0.0,0.0
Tanay Thyagarajan,0.2,All-Rounder,No,No,0.0,100.0,0.0,0.0,0.0,0.0,0.0,0.0,0.0,0.0,0.0,0.0,0.0,0.0,0.0,0.0
Sanju Samson,14.0,Wicket-Keeper,No,Yes,0.5555514895453059,100.0,0.3814932353432437,0.57808,0.140392342235878,0.0,0.0,0.0,0.0,0.6308862841867159,0.6413735807255608,0.5520989505247376,0.0,0.0,0.0,0.0
Jos Buttler,10.0,Wicket-Keeper,Yes,Yes,0.6614892687913592,100.0,0.5989644229163187,0.5852,0.7714488300638147,0.0,0.0,0.0,0.0,0.7834669956816779,0.6808824886919598,0.4475262368815592,0.0,0.0,0.0,0.0
Prasidh Krishna,10.0,Bowler,No,No,0.0,0.0948158544411927,0.0,0.0,0.0,0.0526315789473684,0.55,0.243362831858407,0.2205882352941176,0.0616903146206045,0.1730822486845749,0.0011244377811094,0.2390243902439024,0.2477777777777777,0.2736220472440945,0.2588888888888889
Avesh Khan,10.0,Bowler,No,Yes,0.0,0.0872458584763253,0.2254885585435109,0.54,0.0063814701016308,0.1644736842105263,0.453,0.2481415929203539,0.2720588235294117,0.4215504832407978,0.7569463675805409,0.0051224387806096,0.3609756097560975,0.2463888888888888,0.21,0.2
Shimron Hetmyer,8.5,Batter,Yes,No,0.5423679293978328,100.0,0.3541005511942542,0.47844,0.2205152446230205,0.0,0.0,0.0,0.0,0.6389060250873946,0.7064986614972768,0.1552973513243378,0.0,0.0,0.0,0.0
Trent Boult,8.0,Bowler,Yes,Yes,0.0,0.0793283696736538,0.13829964924002,0.36248,0.013708343181281,0.5460526315789473,0.384,0.189646017699115,0.2455882352941176,0.213242854205223,0.4911381888673497,0.0103698150924537,0.5902439024390244,0.2302777777777777,0.2101574803149606,0.2144444444444444
Rovman Powell,7.4,Batter,Yes,Yes,0.5018973245849145,100.0,0.4177384332720895,0.56728,0.3606712361143938,0.0328947368421052,0.494,0.3646017699115044,0.3676470588235294,0.3894715196380834,0.6809747992245915,0.0449775112443778,0.0048780487804878,0.3238888888888889,0.2755905511811024,0.2
Yuzvendra Chahal,6.5,Bowler,No,Yes,0.0,0.0796146088392426,0.0501085685652246,0.1846,0.001418104467029,0.631578947368421,0.4095,0.2220353982300885,0.2691176470588235,0.108574953732264,0.1985599556909443,0.0046226886556721,1.0,0.2177777777777777,0.1766929133858267,0.19
Shubham Dubey,5.8,Batter,No,No,0.521525289875939,100.0,0.0,0.0,0.0,0.0,0.0,0.0,0.0,0.3392967304133251,0.8016246653743192,0.0041229385307346,0.0,0.0,0.0,0.0
Ravichandran Ashwin,5.0,All-Rounder,No,Yes,0.4236787291143946,0.0854070311931548,0.438951060631368,0.45996,0.0434885369888915,0.4736842105263157,0.345,0.2054867256637168,0.2955882352941176,0.2741106312975529,0.5469860611095726,0.0999500249875062,0.8780487804878049,0.1977777777777777,0.2348031496062992,0.2788888888888889
Yashasvi Jaiswal,4.0,Batter,No,No,0.6538970601652155,100.0,0.603808251210957,0.65724,0.1708815882770031,0.0,0.55,0.0,0.0,0.6609089039687435,0.6950983107172528,0.2007746126936531,0.0,1.0,0.0,0.0
Riyan Parag,3.8,All-Rounder,No,No,0.4950321585844438,0.1195935450452574,0.2949724402872891,0.60568,0.0250531789175135,0.0263157894736842,0.336,0.1836283185840708,0.2720588235294117,0.5023647953937898,0.6236961137265762,0.146551724137931,0.0195121951219512,0.2922222222222222,0.6043307086614174,0.4855555555555556
Navdeep Saini,2.6,Bowler,No,No,0.0,0.0903381578215531,0.0,0.43636,0.0028362089340581,0.0855263157894736,0.3575,0.1599115044247787,0.2220588235294117,0.1696483652066625,0.4116126650050771,0.0041229385307346,0.1121951219512195,0.2466666666666666,0.3333858267716535,0.3177777777777778
Adam Zampa,1.5,Bowler,Yes,Yes,0.0,0.071707573530863,0.0945381660263905,0.36264,0.0160718506263294,0.7302631578947368,0.362,0.1926548672566371,0.2647058823529412,0.0616903146206045,0.2884704144742915,0.0018740629685157,0.1414634146341463,0.2219444444444444,0.1514960629921259,0.16
Sandeep Sharma,0.5,Bowler,No,Yes,0.0,0.1351969160677419,0.0,0.4,0.0002363507445048,0.006578947368421,0.521,0.6460176991150443,0.6176470588235294,0.1850709438618136,0.3560417243607495,0.0067466266866566,0.6682926829268293,0.2188888888888888,0.2131496062992126,0.2277777777777777
Donovan Ferreira,0.5,Wicket-Keeper,Yes,No,0.307870832215201,100.0,0.3006514113913479,0.65452,0.0170172536043488,0.0,0.0,0.0,0.0,0.0822537528274727,0.3356410966491276,0.000999500249875,0.0,0.0,0.0,0.0
Nandre Burger,0.5,Bowler,Yes,No,0.0,0.1411735549559882,0.0167028561884082,0.13332,0.0002363507445048,0.006578947368421,0.614,0.7610619469026548,0.6176470588235294,0.0,0.0,0.0,0.0341463414634146,0.2366666666666666,0.1630708661417323,0.1611111111111111
Tom Kohler-Cadmore,0.4,Wicket-Keeper,Yes,No,0.3673842298845608,100.0,0.0,0.0,0.0,0.0,0.0,0.0,0.0,0.3290150113098909,0.4102280070156004,0.0059970014992503,0.0,0.0,0.0,0.0
Kuldeep Sen,0.2,Bowler,No,No,0.0,0.0737155106053439,0.0,0.0,0.0,0.0,0.0,0.0,0.0,0.0,0.0,0.0,0.0682926829268292,0.2675,0.2176377952755905,0.1911111111111111
Dhruv Jurel,0.2,Wicket-Keeper,No,No,0.3540543063714347,100.0,0.1002171371304493,0.1714,0.001418104467029,0.0,0.0,0.0,0.0,0.4756323257248611,0.6993445952183145,0.0433533233383308,0.0,0.0,0.0,0.0
Abid Mushtaq,0.2,All-Rounder,No,No,0.0,100.0,0.0,0.0,0.0,0.0,0.0,0.0,0.0,0.0,0.0,0.0,0.0,0.0,0.0,0.0
Kunal Singh Rathore,0.2,Wicket-Keeper,No,No,0.0,100.0,0.0,0.0,0.0,0.0,0.0,0.0,0.0,0.0,0.0,0.0,0.0,0.0,0.0,0.0
Pat Cummins,20.5,All-Rounder,Yes,No,0.4122748329753394,0.0860763176093655,0.1758810756639385,0.47516,0.0373434176317655,0.4342105263157894,0.372,0.2085840707964601,0.2794117647058823,0.4071560764959901,0.6909443367488229,0.0643428285857071,0.3073170731707317,0.2427777777777777,0.2403149606299212,0.2322222222222222
Washington Sundar,8.75,All-Rounder,No,No,0.3632035715402367,0.0913261811535389,0.2239853014865542,0.5152000000000001,0.03805246986528,0.3092105263157894,0.3435,0.207787610619469,0.3,0.2776064157927205,0.5367857472537616,0.0472263868065967,0.1804878048780487,0.2094444444444444,0.2819685039370079,0.3155555555555555
Rahul Tripathi,8.5,Batter,No,Yes,0.5198643614489177,100.0,0.3240354100551194,0.57908,0.0229260222169699,0.0,0.0,0.0,0.0,0.5605593255192268,0.6429890150466168,0.27936031984008,0.0,0.3333333333333333,0.0,0.0
Mayank Agarwal,8.25,Batter,No,Yes,0.5358721236828389,100.0,0.0,0.0,0.0,0.0,0.0,0.0,0.0,0.4676125848241825,0.6140958183328719,0.3324587706146926,0.0,0.0,0.0,0.0
Travis Head,6.8,Batter,Yes,Yes,0.6875609047628819,100.0,0.5531985969600801,0.6419600000000001,0.2583313637437958,0.006578947368421,0.4665,0.495575221238938,0.5294117647058824,0.7559119884844745,0.8025016154343211,0.0964517741129435,0.0097560975609756,0.3244444444444444,0.4448818897637795,0.3222222222222222
Abhishek Sharma,6.5,All-Rounder,No,No,0.5624690169027554,0.1149610394955483,0.3793218640387506,0.68384,0.0375797683762703,0.0197368421052631,0.4185,0.395221238938053,0.4705882352941176,0.5243676742751388,0.7165143542878243,0.1720389805097451,0.0536585365853658,0.24,0.2784251968503937,0.2722222222222222
Heinrich Klaasen,5.25,Wicket-Keeper,Yes,No,0.6321770605802424,100.0,0.4008685485217972,0.57088,0.2155518789884188,0.0,0.7000000000000001,0.0,0.0,0.785317705120296,0.7767931320963722,0.1240629685157421,0.0,0.0,0.0,0.0
Marco Jansen,4.2,All-Rounder,Yes,No,0.2829712211976796,0.0985536899254463,0.1780524469684316,0.4,0.01512644764831,0.0855263157894736,0.419,0.2633628318584071,0.313235294117647,0.1937075879086983,0.4615526631588664,0.0082458770614692,0.0975609756097561,0.2647222222222222,0.281496062992126,0.25
Bhuvneshwar Kumar,4.2,Bowler,No,Yes,0.0,0.0825476182703781,0.1398029062969767,0.28508,0.0158354998818246,0.5921052631578947,0.348,0.2044247787610619,0.2926470588235293,0.1797244499280279,0.433213329640912,0.0382308845577211,0.8829268292682927,0.2099999999999999,0.2144094488188976,0.24
Abdul Samad,4.0,Batter,No,No,0.5163315375283607,100.0,0.0,0.0,0.0,0.0,0.0,0.0,0.0,0.3954349167180752,0.6741899750761562,0.0720889555222388,0.0097560975609756,0.3486111111111111,0.4448818897637795,0.3
Umran Malik,4.0,Bowler,No,No,0.0,0.0779397257148699,0.0,1.0,0.0011817537225242,0.0723684210526315,0.524,0.1954867256637168,0.1852941176470588,0.2364795393789841,0.6634819532908705,0.0028735632183908,0.1414634146341463,0.2608333333333333,0.2096062992125984,0.1888888888888888
T Natarajan,4.0,Bowler,No,Yes,0.0,0.0762521762926204,0.0,0.0,0.0,0.0460526315789473,0.381,0.1541592920353982,0.2014705882352941,0.0,0.2769315978953198,0.0003748125937031,0.3268292682926829,0.2452777777777777,0.2313385826771653,0.2211111111111111
Aiden Markram,2.6,All-Rounder,Yes,No,0.5836099871449818,0.1429166776811377,0.5373308835810924,0.57848,0.3117466320018908,0.0789473684210526,0.4155,0.3126548672566371,0.375,0.6199876619370758,0.5987261146496815,0.1243128435782108,0.0097560975609756,0.2366666666666666,0.6771653543307087,0.6722222222222223
Shahbaz Ahmed,2.4,All-Rounder,No,No,0.4704039221172356,0.090891968918826,0.0,0.0,0.0,0.0131578947368421,0.384,0.1814159292035398,0.2352941176470588,0.3935842072794571,0.5622172989938152,0.0669665167416291,0.1024390243902439,0.2597222222222222,0.3137795275590551,0.2833333333333333
Jaydev Unadkat,1.6,Bowler,No,Yes,0.0,0.0846452992820146,0.0,0.0,0.0,0.0921052631578947,0.434,0.1902654867256637,0.2176470588235294,0.2531359243265473,0.5477245453706268,0.0246126936531734,0.4829268292682926,0.2491666666666666,0.2536220472440945,0.2388888888888889
Wanindu Hasaranga,1.5,All-Rounder,Yes,Yes,0.3053132290709002,0.0652596659772034,0.2320026724569901,0.5258400000000001,0.1609548570077995,0.7828947368421052,0.35,0.14,0.1985294117647058,0.1480567550894509,0.4552293916735899,0.0089955022488755,0.1707317073170731,0.2258333333333333,0.168267716535433,0.1744444444444444
Glenn Phillips,1.5,All-Rounder,Yes,No,0.4540411312893996,0.1136070673280712,0.5493569400367463,0.5686,0.4431576459465847,0.0131578947368421,0.3645,0.5,0.6838235294117647,0.1908287065597367,0.5454629373211484,0.0081209395302348,0.0097560975609756,0.2222222222222222,0.1574803149606299,0.1666666666666666
Mayank Markande,0.5,Bowler,No,No,0.0,0.0820604074361523,0.0,0.0,0.0,0.0,0.3875,0.0,0.0,0.3290150113098909,0.5274623834579526,0.0059970014992503,0.1804878048780487,0.2472222222222222,0.2274803149606299,0.2155555555555555
Fazalhaq Farooqi,0.5,Bowler,Yes,Yes,0.0,0.0865419663657952,0.0668114247536328,0.2526,0.0028362089340581,0.3552631578947368,0.3335,0.1646902654867256,0.2455882352941176,0.0,0.1064801993907504,0.0003748125937031,0.0292682926829268,0.2488888888888889,0.2978740157480314,0.2811111111111111
Upendra Yadav,0.25,Wicket-Keeper,No,No,0.0,100.0,0.0,0.0,0.0,0.0,0.0,0.0,0.0,0.0,0.0,0.0,0.0,0.0,0.0,0.0
Jhatavedh Subramanyan,0.2,Bowler,No,No,0.0,100.0,0.0,0.0,0.0,0.0,0.0,0.0,0.0,0.0,0.0,0.0,0.0,0.0,0.0,0.0
Akash Singh,0.2,Bowler,No,No,0.0,0.1029935909927379,0.0,0.0,0.0,0.0,0.0,0.0,0.0,0.0,0.0,0.0,0.024390243902439,0.2738888888888888,0.3574803149606299,0.3066666666666667
Nitish Kumar Reddy,0.2,Batter,No,No,0.7056790588261422,100.0,0.7516285284783698,0.72,0.021271567005436,0.0197368421052631,0.394,0.2093805309734513,0.2647058823529412,0.692165330043183,0.6596510661866518,0.0378560719640179,0.0146341463414634,0.3163888888888889,0.5433070866141733,0.4033333333333333
Sanvir Singh,0.2,All-Rounder,No,No,0.3758027565905711,100.0,0.0,0.0,0.0,0.0,0.0,0.0,0.0,0.2570429775858523,0.5494322902243146,0.0031234382808595,0.0,0.0,0.0,0.0
Anmolpreet Singh,0.2,Batter,No,No,0.4208462277797019,100.0,0.0,0.0,0.0,0.0,0.0,0.0,0.0,0.3174994859140447,0.5578325486938059,0.0173663168415792,0.0,0.0,0.0,0.0
